{"cameraMode":{"drawMode":0,"name":"Shaded","section":"Shading Mode"},"sceneLighting":true,"audioPlay":false,"sceneViewState":{"m_AlwaysRefresh":false,"showFog":true,"showSkybox":true,"showFlares":true,"showImageEffects":true,"showParticleSystems":true,"showVisualEffectGraphs":true,"m_FxEnabled":true},"in2DMode":false,"pivot":{"x":-108.43883514404297,"y":208.35845947265626,"z":277.2362365722656},"rotation":{"x":0.03780082240700722,"y":0.9224472045898438,"z":-0.3727227449417114,"w":0.09356310963630676},"size":184.40475463867188,"orthographic":false}